2016, http://www.casareal.es/ES/Actividades/Paginas/actividades_discursos_detalle.aspx?data=5632
2015, http://www.casareal.es/ES/Actividades/Paginas/actividades_discursos_detalle.aspx?data=5555
2014, http://www.casareal.es/ES/Actividades/Paginas/actividades_discursos_detalle.aspx?data=5420
1977, http://www.casareal.es/ES/Actividades/Paginas/actividades_discursos_detalle.aspx?data=5292
2012, http://www.casareal.es/ES/Actividades/Paginas/actividades_discursos_detalle.aspx?data=5178
2011, http://www.casareal.es/ES/Actividades/Paginas/actividades_discursos_detalle.aspx?data=2620
2010, http://www.casareal.es/ES/Actividades/Paginas/actividades_discursos_detalle.aspx?data=2483
2008, http://www.casareal.es/ES/Actividades/Paginas/actividades_discursos_detalle.aspx?data=2348
2007, http://www.casareal.es/ES/Actividades/Paginas/actividades_discursos_detalle.aspx?data=2179
2006, http://www.casareal.es/ES/Actividades/Paginas/actividades_discursos_detalle.aspx?data=2004
2006, http://www.casareal.es/ES/Actividades/Paginas/actividades_discursos_detalle.aspx?data=2898
2005, http://www.casareal.es/ES/Actividades/Paginas/actividades_discursos_detalle.aspx?data=2667
2004, http://www.casareal.es/ES/Actividades/Paginas/actividades_discursos_detalle.aspx?data=5046
2003, http://www.casareal.es/ES/Actividades/Paginas/actividades_discursos_detalle.aspx?data=5056
1977, http://www.casareal.es/ES/Actividades/Paginas/actividades_discursos_detalle.aspx?data=5090
2001, http://www.casareal.es/ES/Actividades/Paginas/actividades_discursos_detalle.aspx?data=5080
2000, http://www.casareal.es/ES/Actividades/Paginas/actividades_discursos_detalle.aspx?data=5072
1999, http://www.casareal.es/ES/Actividades/Paginas/actividades_discursos_detalle.aspx?data=5065
1998, http://www.casareal.es/ES/Actividades/Paginas/actividades_discursos_detalle.aspx?data=5042
1997, http://www.casareal.es/ES/Actividades/Paginas/actividades_discursos_detalle.aspx?data=5038
1996, http://www.casareal.es/ES/Actividades/Paginas/actividades_discursos_detalle.aspx?data=5032
1539567256.6181917, http://www.casareal.es/ES/Actividades/Paginas/actividades_discursos_detalle.aspx?data=5030
1539567261.9783895, http://www.casareal.es/ES/Actividades/Paginas/actividades_discursos_detalle.aspx?data=5029
1992, http://www.casareal.es/ES/Actividades/Paginas/actividades_discursos_detalle.aspx?data=5023
1539567268.4944162, http://www.casareal.es/ES/Actividades/Paginas/actividades_discursos_detalle.aspx?data=5013
1991, http://www.casareal.es/ES/Actividades/Paginas/actividades_discursos_detalle.aspx?data=5002
1539567275.019544, http://www.casareal.es/ES/Actividades/Paginas/actividades_discursos_detalle.aspx?data=4991
1987, http://www.casareal.es/ES/Actividades/Paginas/actividades_discursos_detalle.aspx?data=4910
1987, http://www.casareal.es/ES/Actividades/Paginas/actividades_discursos_detalle.aspx?data=4909
1539567277.3807504, http://www.casareal.es/ES/Actividades/Paginas/actividades_discursos_detalle.aspx?data=4905
1991, http://www.casareal.es/ES/Actividades/Paginas/actividades_discursos_detalle.aspx?data=4903
1539567283.782437, http://www.casareal.es/ES/Actividades/Paginas/actividades_discursos_detalle.aspx?data=4902
1539567284.5398393, http://www.casareal.es/ES/Actividades/Paginas/actividades_discursos_detalle.aspx?data=4901
1983, http://www.casareal.es/ES/Actividades/Paginas/actividades_discursos_detalle.aspx?data=4897
1539567290.8217888, http://www.casareal.es/ES/Actividades/Paginas/actividades_discursos_detalle.aspx?data=4873
1539567291.5470881, http://www.casareal.es/ES/Actividades/Paginas/actividades_discursos_detalle.aspx?data=2824
1978, http://www.casareal.es/ES/Actividades/Paginas/actividades_discursos_detalle.aspx?data=2823
1539567303.6197102, http://www.casareal.es/ES/Actividades/Paginas/actividades_discursos_detalle.aspx?data=2822
1539567304.3341477, http://www.casareal.es/ES/Actividades/Paginas/actividades_discursos_detalle.aspx?data=2821
